2026-02-14T16:15:08Z,down,94,738,200
2026-02-14T17:25:43Z,down,94,2071,200
2026-02-14T17:43:47Z,down,94,14522,200
2026-02-14T18:09:08Z,down,94,717,200
2026-02-14T18:44:11Z,down,94,169,200
2026-02-14T19:17:10Z,down,94,730,200
2026-02-14T19:35:04Z,down,94,701,200
2026-02-14T19:55:58Z,down,94,582,200
2026-02-15T04:24:42Z,down,95,795,200
2026-02-15T05:24:04Z,down,95,792,200
2026-02-15T05:39:19Z,down,95,788,200
2026-02-15T06:24:41Z,unknown,0,2882,429
2026-02-15T06:57:12Z,down,95,880,200
2026-02-15T15:16:00Z,down,95,796,200
2026-02-15T15:41:24Z,down,95,609,200
2026-02-15T15:58:11Z,down,95,706,200
2026-02-15T16:34:36Z,down,95,647,200
2026-02-15T17:00:06Z,down,95,566,200
2026-02-15T17:20:25Z,down,95,945,200
2026-02-15T17:55:12Z,down,95,735,200
2026-02-15T18:26:40Z,down,95,525,200
2026-02-15T19:02:04Z,down,95,481,200
2026-02-15T19:35:38Z,down,95,220,200
2026-02-15T19:52:10Z,down,95,585,200
2026-02-15T20:36:54Z,down,95,606,200
2026-02-15T20:57:51Z,unknown,0,134,429
2026-02-15T21:25:42Z,down,95,807,200
2026-02-15T21:46:43Z,down,95,775,200
2026-02-15T22:31:30Z,down,95,473,200
2026-02-15T22:55:36Z,down,95,481,200
2026-02-15T23:21:00Z,down,95,769,200
2026-02-15T23:47:02Z,down,95,492,200
2026-02-16T02:56:16Z,down,96,651,200
2026-02-16T04:56:49Z,down,96,530,200
2026-02-16T06:05:57Z,down,96,741,200
2026-02-16T07:19:50Z,down,96,958,200
2026-02-16T08:04:01Z,down,96,834,200
2026-02-16T09:03:13Z,down,96,570,200
2026-02-16T10:05:54Z,down,96,644,200
2026-02-16T11:03:40Z,down,96,617,200
2026-02-16T11:50:27Z,down,96,725,200
2026-02-16T12:30:24Z,down,96,856,200
2026-02-16T13:48:43Z,down,96,681,200
2026-02-16T14:34:12Z,down,96,761,200
2026-02-16T15:24:04Z,down,96,678,200
2026-02-16T16:02:22Z,down,96,782,200
2026-02-16T16:58:18Z,down,96,551,200
2026-02-16T17:39:35Z,down,96,998,200
2026-02-16T18:07:06Z,down,96,717,200
2026-02-16T19:01:41Z,down,96,694,200
2026-02-16T19:38:54Z,down,96,645,200
2026-02-16T19:58:17Z,down,96,917,200
2026-02-16T20:33:53Z,down,96,183,200
2026-02-16T21:00:15Z,down,96,805,200
2026-02-16T21:37:00Z,down,96,477,200
2026-02-16T21:57:52Z,down,96,677,200
2026-02-16T22:29:30Z,down,96,493,200
2026-02-16T22:59:20Z,down,96,755,200
2026-02-16T23:34:55Z,down,96,702,200
2026-02-16T23:57:21Z,down,96,465,200
2026-02-17T02:01:05Z,down,96,296,200
2026-02-17T04:26:18Z,down,96,610,200
2026-02-17T05:42:11Z,down,96,794,200
2026-02-17T06:39:11Z,down,96,818,200
2026-02-17T07:37:49Z,down,96,807,200
2026-02-17T08:26:00Z,down,96,664,200
2026-02-17T09:11:34Z,down,96,797,200
2026-02-17T10:07:20Z,down,96,846,200
2026-02-17T11:03:47Z,unknown,0,483,502
2026-02-17T11:49:45Z,unknown,0,10463,504
2026-02-17T12:29:54Z,unknown,0,505,502
2026-02-17T13:47:32Z,down,96,757,200
2026-02-17T14:36:54Z,down,96,749,200
2026-02-17T15:32:49Z,down,96,545,200
2026-02-17T16:33:54Z,down,96,15475,200
2026-02-17T17:37:11Z,down,96,578,200
2026-02-17T18:33:23Z,down,96,1010,200
2026-02-17T19:31:46Z,down,96,837,200
2026-02-17T20:02:59Z,down,96,597,200
2026-02-17T20:51:49Z,down,96,714,200
2026-02-17T21:23:12Z,down,96,579,200
2026-02-17T21:52:44Z,down,96,510,200
2026-02-17T22:17:48Z,down,96,721,200
2026-02-17T22:54:08Z,down,96,585,200
2026-02-17T23:20:21Z,down,96,6334,200
2026-02-17T23:49:38Z,down,96,702,200
2026-02-18T00:58:31Z,down,98,748,200
2026-02-18T03:39:12Z,down,98,622,200
2026-02-18T05:14:12Z,down,98,658,200
2026-02-18T06:16:16Z,down,98,795,200
2026-02-18T07:19:19Z,down,98,789,200
2026-02-18T08:02:12Z,down,98,749,200
2026-02-18T08:59:06Z,down,98,795,200
2026-02-18T09:54:25Z,down,98,742,200
2026-02-18T10:35:38Z,down,98,953,200
2026-02-18T11:25:30Z,down,98,750,200
2026-02-18T11:59:53Z,down,98,597,200
2026-02-18T13:18:49Z,down,98,745,200
2026-02-18T14:14:50Z,down,98,631,200
2026-02-18T15:07:37Z,down,98,690,200
2026-02-18T16:05:51Z,down,98,595,200
2026-02-18T17:17:47Z,down,98,686,200
2026-02-18T18:04:59Z,down,98,899,200
2026-02-18T19:11:29Z,down,98,741,200
2026-02-18T19:56:10Z,down,98,720,200
2026-02-18T20:34:25Z,down,98,216,200
2026-02-18T21:09:24Z,down,98,740,200
2026-02-18T21:50:29Z,down,98,800,200
2026-02-18T22:19:57Z,down,98,598,200
2026-02-18T22:57:23Z,down,98,511,200
2026-02-18T23:29:31Z,down,98,741,200
2026-02-18T23:55:37Z,down,98,548,200
2026-02-19T01:43:38Z,down,99,606,200
2026-02-19T04:06:33Z,down,99,605,200
2026-02-19T05:36:34Z,down,99,629,200
2026-02-19T06:40:29Z,down,99,740,200
2026-02-19T07:38:28Z,down,99,618,200
2026-02-19T08:08:58Z,down,99,809,200
2026-02-19T09:03:27Z,down,99,724,200
2026-02-19T10:02:07Z,down,99,743,200
2026-02-19T10:56:52Z,down,99,586,200
2026-02-19T11:36:40Z,down,99,740,200
2026-02-19T12:05:14Z,down,99,713,200
2026-02-19T13:41:13Z,down,99,807,200
2026-02-19T14:36:02Z,down,99,687,200
2026-02-19T15:28:24Z,down,99,804,200
2026-02-19T16:13:59Z,down,99,636,200
2026-02-19T17:15:47Z,down,99,679,200
2026-02-19T18:08:08Z,down,99,522,200
2026-02-19T19:08:25Z,down,99,774,200
2026-02-19T19:47:59Z,down,99,648,200
2026-02-19T20:18:53Z,down,99,477,200
2026-02-19T20:54:08Z,down,99,752,200
2026-02-19T21:22:10Z,down,99,777,200
2026-02-19T21:55:00Z,down,99,632,200
2026-02-19T22:23:04Z,down,99,605,200
2026-02-19T22:57:03Z,down,99,857,200
2026-02-19T23:27:42Z,down,99,184,200
2026-02-19T23:54:52Z,down,99,737,200
2026-02-20T01:10:32Z,down,97,936,200
2026-02-20T03:41:44Z,down,97,773,200
2026-02-20T05:08:53Z,down,97,685,200
2026-02-20T06:08:28Z,down,97,665,200
2026-02-20T07:13:46Z,down,97,645,200
2026-02-20T07:57:58Z,down,97,547,200
2026-02-20T08:40:23Z,down,97,627,200
2026-02-20T09:25:52Z,down,97,597,200
2026-02-20T10:04:31Z,unknown,0,17112,429
2026-02-20T10:54:00Z,down,97,680,200
2026-02-20T11:23:41Z,down,97,597,200
2026-02-20T11:51:56Z,down,97,890,200
2026-02-20T12:28:06Z,down,97,624,200
2026-02-20T13:40:32Z,down,97,663,200
2026-02-20T14:26:23Z,down,97,690,200
2026-02-20T15:07:34Z,down,97,702,200
2026-02-20T15:52:38Z,down,97,689,200
2026-02-20T16:24:09Z,down,97,250,200
2026-02-20T17:06:09Z,down,97,208,200
2026-02-20T17:53:10Z,down,97,521,200
2026-02-20T18:29:53Z,down,97,703,200
2026-02-20T19:14:38Z,down,97,680,200
2026-02-20T19:50:36Z,down,97,813,200
2026-02-20T20:46:30Z,down,97,751,200
2026-02-20T21:03:05Z,down,97,629,200
2026-02-20T21:36:23Z,down,97,683,200
2026-02-20T21:55:07Z,down,97,182,200
2026-02-20T22:17:12Z,down,97,816,200
2026-02-20T22:50:18Z,down,97,1169,200
2026-02-20T23:17:06Z,down,97,832,200
2026-02-20T23:47:04Z,down,97,374,200
2026-02-21T00:02:39Z,down,97,805,200
2026-02-21T02:44:34Z,down,97,733,200
2026-02-21T04:21:04Z,down,97,794,200
2026-02-21T05:15:56Z,down,97,473,200
2026-02-21T05:58:48Z,down,97,881,200
2026-02-21T06:44:44Z,down,97,598,200
2026-02-21T07:22:08Z,down,97,548,200
2026-02-21T07:49:21Z,down,97,694,200
2026-02-21T08:44:11Z,down,97,652,200
2026-02-21T09:04:46Z,down,97,614,200
2026-02-21T09:41:49Z,down,97,510,200
2026-02-21T09:58:24Z,down,97,738,200
2026-02-21T10:27:52Z,down,97,807,200
2026-02-21T10:53:42Z,down,97,735,200
2026-02-21T11:13:14Z,down,97,1014,200
2026-02-21T11:36:40Z,down,97,741,200
2026-02-21T11:52:14Z,down,97,810,200
2026-02-21T13:06:41Z,down,97,871,200
2026-02-21T13:52:08Z,down,97,847,200
2026-02-21T14:14:43Z,down,97,751,200
2026-02-21T14:47:11Z,down,97,928,200
2026-02-21T15:02:45Z,down,97,840,200
2026-02-21T15:35:54Z,down,97,443,200
2026-02-21T15:54:43Z,down,97,701,200
2026-02-21T16:17:39Z,down,97,497,200
2026-02-21T16:50:56Z,down,97,586,200
2026-02-21T17:15:10Z,down,97,731,200
2026-02-21T17:45:35Z,down,97,563,200
2026-02-21T18:43:41Z,down,97,183,200
2026-02-21T19:07:08Z,down,97,595,200
2026-02-21T19:35:51Z,down,97,802,200
2026-02-21T19:52:47Z,down,97,801,200
2026-02-21T20:36:48Z,down,97,736,200
2026-02-21T20:55:31Z,down,97,1238,200
2026-02-21T21:17:00Z,down,97,753,200
2026-02-21T21:42:33Z,down,97,600,200
2026-02-21T22:20:18Z,down,97,754,200
2026-02-21T22:47:03Z,down,97,592,200
2026-02-21T23:34:27Z,down,97,506,200
2026-02-21T23:53:03Z,down,97,15815,200
2026-02-22T02:57:17Z,down,96,953,200
2026-02-22T04:48:14Z,down,96,751,200
2026-02-22T05:42:40Z,down,96,688,200
2026-02-22T06:29:56Z,down,96,689,200
2026-02-22T07:14:05Z,down,96,633,200
2026-02-22T07:51:12Z,down,96,1106,200
2026-02-22T08:47:49Z,down,96,690,200
2026-02-22T09:16:58Z,down,96,1493,200
2026-02-22T09:49:30Z,down,96,1475,200
2026-02-22T10:38:13Z,down,0,25006,0
2026-02-22T10:58:20Z,down,96,616,200
2026-02-22T11:22:54Z,down,96,22861,200
2026-02-22T11:41:46Z,down,96,605,200
2026-02-22T12:33:25Z,down,96,696,200
2026-02-22T13:29:43Z,down,96,681,200
2026-02-22T14:00:49Z,down,96,469,200
2026-02-22T14:34:34Z,down,96,785,200
2026-02-22T14:57:20Z,down,96,642,200
2026-02-22T15:23:04Z,down,96,692,200
2026-02-22T15:46:21Z,down,96,11132,200
2026-02-22T16:01:37Z,down,96,667,200
2026-02-22T16:42:44Z,down,96,757,200
2026-02-22T17:03:32Z,down,96,208,200
2026-02-22T17:36:11Z,down,96,281,200
2026-02-22T17:56:08Z,down,96,653,200
2026-02-22T18:27:41Z,down,96,737,200
2026-02-22T19:02:11Z,down,96,746,200
2026-02-22T19:35:27Z,down,0,25007,0
2026-02-22T19:52:20Z,down,96,764,200
2026-02-22T20:36:57Z,down,96,822,200
2026-02-22T20:57:32Z,down,0,25006,0
2026-02-22T21:23:36Z,down,96,657,200
2026-02-22T21:45:13Z,down,96,633,200
2026-02-22T22:29:31Z,down,96,631,200
2026-02-22T22:54:13Z,down,96,614,200
2026-02-22T23:16:06Z,down,96,763,200
2026-02-22T23:44:05Z,down,96,673,200
2026-02-23T00:00:33Z,down,96,279,200
2026-02-23T02:43:37Z,down,96,644,200
2026-02-23T04:50:46Z,down,96,801,200
2026-02-23T05:58:50Z,down,96,931,200
2026-02-23T07:07:18Z,down,96,903,200
2026-02-23T08:02:00Z,down,96,219,200
2026-02-23T09:02:23Z,down,96,573,200
2026-02-23T10:06:14Z,down,96,796,200
2026-02-23T11:03:09Z,down,96,661,200
2026-02-23T11:49:28Z,down,96,731,200
2026-02-23T12:32:01Z,unknown,0,644,429
2026-02-23T13:51:57Z,down,96,776,200
2026-02-23T14:39:30Z,down,96,823,200
2026-02-23T15:34:23Z,down,96,765,200
2026-02-23T16:33:40Z,down,96,756,200
2026-02-23T17:43:39Z,down,96,580,200
2026-02-23T18:42:06Z,down,96,862,200
2026-02-23T19:45:36Z,down,96,645,200
2026-02-23T20:28:04Z,down,96,751,200
2026-02-23T21:10:56Z,down,96,771,200
2026-02-23T22:01:56Z,down,0,25006,0
2026-02-23T22:54:30Z,down,0,25000,0
2026-02-23T23:27:05Z,down,0,25002,0
2026-02-23T23:53:39Z,down,0,25000,0
2026-02-24T00:57:10Z,down,95,981,200
2026-02-24T03:34:58Z,unknown,0,10963,500
2026-02-24T05:12:29Z,down,95,5788,200
2026-02-24T06:14:53Z,down,95,17384,200
2026-02-24T07:18:27Z,down,95,15355,200
2026-02-24T08:04:05Z,down,95,917,200
2026-02-24T09:02:51Z,down,95,1060,200
2026-02-24T10:03:20Z,down,95,1090,200
2026-02-24T11:00:58Z,down,95,1035,200
2026-02-24T11:46:27Z,unknown,0,867,429
2026-02-24T12:31:58Z,down,95,926,200
2026-02-24T13:53:51Z,down,95,577,200
2026-02-24T14:44:26Z,down,95,497,200
2026-02-24T15:41:45Z,down,95,1073,200
2026-02-24T16:46:09Z,down,95,715,200
2026-02-24T17:44:48Z,down,95,523,200
2026-02-24T18:40:20Z,down,95,852,200
2026-02-24T19:39:26Z,down,95,807,200
2026-02-24T20:03:23Z,down,95,519,200
2026-02-24T20:51:10Z,down,95,595,200
2026-02-24T21:23:19Z,down,95,744,200
2026-02-24T21:56:46Z,down,95,738,200
2026-02-24T22:30:21Z,down,95,601,200
2026-02-24T23:03:00Z,down,95,535,200
2026-02-24T23:42:46Z,down,95,706,200
2026-02-25T00:03:05Z,down,94,690,200
2026-02-25T02:55:56Z,unknown,0,908,429
2026-02-25T04:49:39Z,down,94,823,200
2026-02-25T05:51:37Z,down,94,774,200
2026-02-25T06:47:15Z,down,94,840,200
2026-02-25T07:42:24Z,down,94,651,200
2026-02-25T08:29:59Z,down,94,795,200
2026-02-25T09:30:33Z,down,94,1182,200
2026-02-25T10:30:49Z,down,94,673,200
2026-02-25T11:25:20Z,down,94,796,200
2026-02-25T11:59:25Z,down,94,704,200
2026-02-25T13:12:51Z,down,94,730,200
2026-02-25T14:16:56Z,down,94,719,200
2026-02-25T15:13:35Z,down,94,656,200
2026-02-25T16:22:14Z,down,94,16435,200
2026-02-25T17:33:58Z,down,94,568,200
2026-02-25T18:39:30Z,unknown,0,10404,504
2026-02-25T19:38:46Z,down,94,688,200
2026-02-25T20:04:28Z,down,94,797,200
2026-02-25T20:51:38Z,down,94,773,200
2026-02-25T21:24:34Z,unknown,0,10404,504
2026-02-25T21:55:36Z,down,94,700,200
2026-02-25T22:25:48Z,down,94,1372,200
2026-02-25T23:00:55Z,down,94,646,200
2026-02-25T23:36:55Z,down,94,683,200
2026-02-25T23:59:04Z,down,94,757,200
2026-02-26T02:11:13Z,down,93,793,200
2026-02-26T04:26:04Z,down,93,665,200
2026-02-26T05:39:39Z,down,93,707,200
2026-02-26T06:39:03Z,down,93,866,200
2026-02-26T07:38:07Z,down,93,728,200
2026-02-26T08:09:48Z,down,93,806,200
2026-02-26T09:05:23Z,down,93,639,200
2026-02-26T10:04:27Z,down,93,683,200
2026-02-26T11:00:37Z,down,93,754,200
2026-02-26T11:44:55Z,down,93,780,200
2026-02-26T12:31:07Z,down,93,611,200
2026-02-26T13:52:25Z,down,93,179,200
2026-02-26T14:41:06Z,down,93,719,200
2026-02-26T15:34:55Z,down,93,197,200
2026-02-26T16:35:00Z,down,93,1004,200
2026-02-26T17:41:38Z,down,93,910,200
2026-02-26T18:30:11Z,down,93,760,200
2026-02-26T19:27:09Z,down,93,656,200
2026-02-26T20:05:12Z,down,93,662,200
2026-02-26T20:53:04Z,down,93,535,200
2026-02-26T21:23:32Z,down,93,854,200
2026-02-26T21:52:12Z,down,93,798,200
2026-02-26T22:21:06Z,down,93,827,200
2026-02-26T22:57:49Z,down,93,764,200
2026-02-26T23:29:22Z,down,93,505,200
2026-02-26T23:55:06Z,down,0,25003,0
2026-02-27T01:12:30Z,down,93,729,200
2026-02-27T03:40:17Z,down,93,962,200
2026-02-27T05:06:53Z,down,93,669,200
2026-02-27T06:04:32Z,down,93,684,200
2026-02-27T07:09:45Z,down,93,730,200
2026-02-27T07:55:37Z,down,93,715,200
2026-02-27T08:33:51Z,down,93,616,200
2026-02-27T09:12:17Z,down,93,763,200
2026-02-27T10:00:28Z,down,93,1102,200
2026-02-27T10:46:03Z,down,93,541,200
2026-02-27T11:22:34Z,down,93,705,200
2026-02-27T11:51:12Z,down,93,623,200
2026-02-27T12:28:04Z,down,93,538,200
2026-02-27T13:39:17Z,down,93,810,200
2026-02-27T14:24:48Z,down,93,785,200
2026-02-27T15:05:23Z,down,93,760,200
2026-02-27T15:51:10Z,down,93,598,200
2026-02-27T16:25:17Z,down,93,792,200
2026-02-27T17:02:33Z,down,93,542,200
2026-02-27T17:47:23Z,down,93,797,200
2026-02-27T18:23:26Z,down,93,849,200
2026-02-27T19:07:48Z,down,93,178,200
2026-02-27T19:46:02Z,down,93,630,200
2026-02-27T20:03:30Z,down,93,613,200
2026-02-27T20:40:32Z,down,93,562,200
2026-02-27T21:01:26Z,down,93,781,200
2026-02-27T21:38:12Z,down,93,626,200
2026-02-27T21:57:53Z,down,93,390,200
2026-02-27T22:22:25Z,down,93,180,200
2026-02-27T23:02:29Z,down,93,559,200
2026-02-27T23:35:15Z,down,93,815,200
2026-02-27T23:53:48Z,down,93,937,200
2026-02-28T00:50:27Z,down,92,708,200
2026-02-28T03:04:03Z,down,92,979,200
2026-02-28T04:22:50Z,down,92,621,200
2026-02-28T05:08:29Z,down,92,565,200
2026-02-28T05:48:56Z,down,92,539,200
2026-02-28T06:03:56Z,down,92,385,200
2026-02-28T06:55:12Z,down,92,2416,200
2026-02-28T07:21:15Z,down,92,181,200
2026-02-28T07:45:46Z,down,92,758,200
2026-02-28T08:30:22Z,down,92,730,200
2026-02-28T08:55:01Z,down,92,845,200
2026-02-28T09:17:13Z,down,92,708,200
2026-02-28T09:45:08Z,down,92,1062,200
2026-02-28T10:22:08Z,down,92,658,200
2026-02-28T10:47:01Z,down,92,21004,200
2026-02-28T11:22:30Z,down,92,755,200
2026-02-28T11:38:45Z,down,92,702,200
2026-02-28T12:00:35Z,down,92,891,200
2026-02-28T12:50:40Z,down,92,670,200
2026-02-28T13:31:06Z,down,92,610,200
2026-02-28T13:57:09Z,down,92,622,200
2026-02-28T14:17:52Z,down,92,297,200
2026-02-28T14:44:42Z,down,92,500,200
2026-02-28T15:20:29Z,down,92,563,200
2026-02-28T15:43:00Z,down,92,639,200
2026-02-28T16:17:04Z,down,92,655,200
2026-02-28T16:46:48Z,down,92,646,200
2026-02-28T17:27:26Z,down,92,629,200
2026-02-28T17:46:05Z,down,92,503,200
2026-02-28T18:25:15Z,down,92,764,200
2026-02-28T18:55:25Z,down,92,598,200
2026-02-28T19:14:49Z,down,92,695,200
2026-02-28T19:35:21Z,down,92,664,200
2026-02-28T19:58:59Z,down,92,756,200
2026-02-28T20:25:07Z,down,92,557,200
2026-02-28T20:47:32Z,down,92,842,200
2026-02-28T21:28:00Z,down,92,767,200
2026-02-28T21:44:28Z,down,92,622,200
2026-02-28T22:13:12Z,down,92,566,200
2026-02-28T22:41:25Z,down,92,626,200
2026-02-28T22:57:48Z,down,92,673,200
2026-02-28T23:19:04Z,down,92,561,200
2026-02-28T23:40:45Z,down,92,847,200
2026-02-28T23:55:49Z,down,92,408,200
2026-03-01T01:10:32Z,down,92,697,200
2026-03-01T03:50:58Z,down,92,1050,200
2026-03-01T05:15:20Z,down,92,952,200
2026-03-01T06:07:19Z,down,92,521,200
2026-03-01T07:04:05Z,down,92,838,200
2026-03-01T07:40:50Z,down,92,721,200
2026-03-01T07:58:41Z,down,92,568,200
2026-03-01T08:29:23Z,down,92,685,200
2026-03-01T08:57:20Z,down,92,738,200
2026-03-01T09:25:36Z,down,92,701,200
2026-03-01T09:51:40Z,down,92,642,200
2026-03-01T10:38:05Z,down,92,724,200
2026-03-01T10:57:45Z,down,92,272,200
2026-03-01T11:18:28Z,down,92,889,200
2026-03-01T11:37:29Z,down,92,458,200
2026-03-01T12:01:01Z,down,92,654,200
2026-03-01T12:56:22Z,down,92,838,200
2026-03-01T13:36:14Z,down,92,864,200
2026-03-01T14:01:35Z,down,92,252,200
2026-03-01T14:31:07Z,down,92,530,200
2026-03-01T14:53:10Z,down,92,623,200
2026-03-01T15:36:12Z,down,92,571,200
2026-03-01T15:52:47Z,down,92,736,200
2026-03-01T16:41:14Z,down,92,601,200
2026-03-01T17:00:29Z,down,92,641,200
2026-03-01T17:26:02Z,down,92,565,200
2026-03-01T17:46:52Z,down,92,648,200
2026-03-01T18:37:35Z,down,92,846,200
2026-03-01T19:02:47Z,down,92,748,200
2026-03-01T19:31:31Z,down,92,310,200
2026-03-01T19:48:06Z,down,92,629,200
2026-03-01T20:27:18Z,down,92,316,200
2026-03-01T20:49:44Z,down,92,753,200
2026-03-01T21:35:05Z,down,92,709,200
2026-03-01T21:51:27Z,down,92,601,200
2026-03-01T22:31:18Z,down,92,593,200
2026-03-01T22:53:40Z,down,92,648,200
2026-03-01T23:36:58Z,down,92,878,200
2026-03-01T23:55:00Z,down,92,819,200
2026-03-02T02:52:49Z,down,92,595,200
2026-03-02T04:32:37Z,down,92,244,200
2026-03-02T05:39:44Z,down,92,609,200
2026-03-02T06:38:27Z,down,92,591,200
2026-03-02T07:38:00Z,down,92,601,200
2026-03-02T08:08:26Z,down,92,731,200
2026-03-02T09:02:30Z,down,92,745,200
2026-03-02T10:01:12Z,down,92,640,200
2026-03-02T10:49:52Z,down,92,556,200
2026-03-02T11:26:37Z,down,0,25000,0
2026-03-02T11:53:23Z,down,92,385,200
2026-03-02T12:30:27Z,down,92,810,200
2026-03-02T13:43:24Z,down,92,699,200
2026-03-02T14:31:29Z,down,92,706,200
2026-03-02T15:11:21Z,down,92,607,200
2026-03-02T15:58:34Z,down,92,6805,200
2026-03-02T16:42:21Z,down,92,618,200
2026-03-02T17:31:48Z,down,92,1010,200
2026-03-02T18:07:45Z,down,92,570,200
2026-03-02T19:06:57Z,down,92,750,200
2026-03-02T19:48:55Z,down,92,666,200
2026-03-02T20:21:25Z,down,92,687,200
2026-03-02T20:58:35Z,down,92,643,200
2026-03-02T21:34:51Z,down,92,603,200
2026-03-02T22:02:54Z,down,92,408,200
2026-03-02T22:38:37Z,down,92,538,200
2026-03-02T23:00:49Z,down,92,463,200
2026-03-02T23:31:42Z,down,92,796,200
2026-03-02T23:55:03Z,down,92,733,200
2026-03-03T01:01:01Z,down,91,574,200
2026-03-03T03:37:21Z,down,91,813,200
2026-03-03T05:08:26Z,down,91,754,200
2026-03-03T06:04:29Z,down,91,781,200
2026-03-03T07:07:51Z,down,91,786,200
2026-03-03T07:53:44Z,down,91,592,200
2026-03-03T08:28:08Z,down,91,809,200
2026-03-03T09:09:22Z,down,91,593,200
2026-03-03T10:01:53Z,down,91,278,200
2026-03-03T10:49:07Z,down,91,608,200
2026-03-03T11:24:10Z,down,91,218,200
2026-03-03T11:53:33Z,down,91,593,200
2026-03-03T12:30:21Z,down,91,592,200
2026-03-03T13:41:34Z,down,91,703,200
2026-03-03T14:30:11Z,down,91,622,200
2026-03-03T15:15:14Z,down,91,918,200
2026-03-03T16:05:05Z,down,91,586,200
2026-03-03T17:04:27Z,down,91,849,200
2026-03-03T17:55:38Z,down,91,674,200
2026-03-03T18:34:28Z,down,0,25000,0
2026-03-03T19:28:52Z,down,91,866,200
2026-03-03T19:59:52Z,down,91,535,200
2026-03-03T20:34:34Z,down,91,540,200
2026-03-03T21:02:54Z,down,91,744,200
2026-03-03T21:43:27Z,down,91,597,200
2026-03-03T22:03:58Z,down,91,10779,200
2026-03-03T22:43:10Z,down,91,180,200
2026-03-03T23:02:10Z,down,91,628,200
2026-03-03T23:36:04Z,down,91,729,200
2026-03-03T23:57:32Z,down,91,563,200
2026-03-04T01:22:06Z,down,0,25000,0
2026-03-04T03:38:02Z,down,91,1286,200
2026-03-04T05:01:08Z,down,91,574,200
2026-03-04T05:49:17Z,down,91,635,200
2026-03-04T06:33:02Z,down,91,577,200
2026-03-04T07:26:48Z,down,91,672,200
2026-03-04T07:58:42Z,down,91,647,200
2026-03-04T08:37:10Z,down,91,770,200
2026-03-04T09:10:50Z,down,91,749,200
2026-03-04T09:59:41Z,down,91,806,200
2026-03-04T10:38:08Z,down,91,175,200
2026-03-04T11:09:11Z,down,91,590,200
2026-03-04T11:45:11Z,down,91,691,200
2026-03-04T12:02:46Z,down,91,492,200
2026-03-04T13:14:51Z,down,91,493,200
2026-03-04T14:07:38Z,down,91,508,200
2026-03-04T14:55:26Z,down,91,709,200
2026-03-04T15:30:14Z,down,91,772,200
2026-03-04T16:07:20Z,down,91,467,200
2026-03-04T17:03:40Z,down,91,705,200
2026-03-04T17:51:31Z,down,91,647,200
2026-03-04T18:31:41Z,down,91,567,200
2026-03-04T19:16:15Z,down,91,757,200
2026-03-04T19:54:41Z,down,91,561,200
2026-03-04T20:22:45Z,down,91,327,200
2026-03-04T20:55:23Z,down,91,1209,200
2026-03-04T21:24:25Z,down,91,322,200
2026-03-04T21:56:24Z,down,91,731,200
2026-03-04T22:24:10Z,down,91,618,200
2026-03-04T22:57:16Z,down,91,682,200
2026-03-04T23:25:12Z,down,91,646,200
2026-03-04T23:51:56Z,down,91,520,200
2026-03-05T02:52:37Z,down,85,742,200
2026-03-05T04:30:33Z,down,85,312,200
2026-03-05T05:35:13Z,down,85,1541,200
2026-03-05T06:12:54Z,down,85,514,200
2026-03-05T07:12:51Z,down,85,734,200
2026-03-05T07:57:24Z,down,85,778,200
2026-03-05T08:34:07Z,down,85,669,200
2026-03-05T09:12:59Z,down,85,638,200
2026-03-05T10:04:10Z,down,0,25004,0
2026-03-05T10:56:57Z,down,85,674,200
2026-03-05T11:30:18Z,down,85,580,200
2026-03-05T11:58:38Z,down,85,561,200
2026-03-05T12:55:00Z,down,85,745,200
2026-03-05T13:55:34Z,down,85,762,200
2026-03-05T14:39:02Z,down,85,572,200
2026-03-05T15:34:44Z,down,85,693,200
2026-03-05T19:03:28Z,down,85,616,200
2026-03-05T20:00:02Z,down,85,487,200
2026-03-05T20:40:08Z,down,85,481,200
2026-03-05T21:08:31Z,down,85,726,200
2026-03-05T21:52:03Z,down,85,531,200
2026-03-05T22:19:07Z,down,85,658,200
2026-03-05T23:33:15Z,down,85,652,200
2026-03-06T00:08:11Z,down,88,700,200
2026-03-06T02:52:02Z,down,88,1592,200
2026-03-06T04:27:34Z,down,88,322,200
2026-03-06T05:32:29Z,down,88,629,200
2026-03-06T06:09:56Z,down,88,643,200
2026-03-06T07:09:13Z,down,88,427,200
2026-03-06T07:52:20Z,down,88,687,200
2026-03-06T08:24:21Z,down,88,766,200
2026-03-06T09:02:32Z,down,88,691,200
2026-03-06T09:52:13Z,down,88,172,200
2026-03-06T10:24:00Z,down,88,743,200
2026-03-06T11:02:22Z,down,88,1336,200
2026-03-06T11:38:12Z,down,88,1196,200
2026-03-06T11:58:50Z,down,88,639,200
2026-03-06T12:47:46Z,down,88,583,200
2026-03-06T13:45:32Z,down,88,579,200
2026-03-06T14:27:37Z,down,88,1053,200
2026-03-06T15:06:00Z,down,88,1477,200
2026-03-06T15:53:24Z,down,88,683,200
2026-03-06T16:26:57Z,down,88,596,200
2026-03-06T17:07:14Z,down,88,815,200
2026-03-06T17:52:30Z,down,88,216,200
2026-03-06T18:29:08Z,down,88,758,200
2026-03-06T19:11:42Z,down,88,590,200
2026-03-06T19:50:13Z,down,88,542,200
2026-03-06T20:06:01Z,down,88,585,200
2026-03-06T20:48:08Z,down,88,4151,200
2026-03-06T21:07:03Z,down,88,635,200
2026-03-06T21:42:36Z,down,88,181,200
2026-03-06T22:00:31Z,down,88,685,200
2026-03-06T22:32:36Z,down,88,549,200
2026-03-06T23:00:15Z,down,88,1727,200
2026-03-06T23:30:46Z,down,88,720,200
2026-03-06T23:54:00Z,down,88,178,200
2026-03-07T00:55:34Z,down,100,710,200
2026-03-07T03:11:34Z,down,100,626,200
2026-03-07T04:42:30Z,down,100,637,200
2026-03-07T05:28:06Z,down,100,589,200
2026-03-07T06:00:41Z,down,100,597,200
2026-03-07T06:46:03Z,down,100,839,200
2026-03-07T07:20:45Z,down,100,666,200
2026-03-07T07:47:30Z,down,100,215,200
2026-03-07T08:38:07Z,down,100,598,200
2026-03-07T09:02:00Z,down,100,553,200
2026-03-07T09:37:31Z,down,100,8296,200
2026-03-07T09:57:04Z,down,100,720,200
2026-03-07T10:18:12Z,down,100,619,200
2026-03-07T10:46:56Z,down,100,593,200
2026-03-07T11:25:45Z,down,100,857,200
2026-03-07T11:42:43Z,down,0,25004,0
2026-03-07T12:03:49Z,down,100,690,200
2026-03-07T13:08:31Z,down,100,656,200
2026-03-07T13:50:23Z,down,100,946,200
2026-03-07T14:37:13Z,down,100,551,200
2026-03-07T14:56:59Z,down,100,675,200
2026-03-07T15:18:11Z,down,100,569,200
2026-03-07T15:43:25Z,down,100,683,200
2026-03-07T16:22:17Z,down,100,790,200
2026-03-07T16:49:34Z,down,100,768,200
2026-03-07T17:33:50Z,down,100,686,200
2026-03-07T17:52:11Z,down,100,594,200
2026-03-07T18:43:48Z,down,100,1099,200
2026-03-07T19:04:19Z,down,100,547,200
2026-03-07T19:32:38Z,down,100,536,200
2026-03-07T19:48:27Z,down,100,204,200
2026-03-07T20:24:24Z,down,100,481,200
2026-03-07T20:47:30Z,down,100,577,200
2026-03-07T21:29:09Z,down,100,814,200
2026-03-07T21:46:04Z,down,100,682,200
2026-03-07T22:17:52Z,down,100,629,200
2026-03-07T22:45:50Z,down,100,539,200
2026-03-07T23:27:00Z,down,100,710,200
2026-03-07T23:45:34Z,down,100,634,200
2026-03-08T01:53:34Z,down,100,595,200
2026-03-08T04:01:32Z,down,100,631,200
2026-03-08T05:14:31Z,down,100,492,200
2026-03-08T06:00:59Z,down,100,519,200
2026-03-08T06:49:57Z,down,100,586,200
2026-03-08T07:24:51Z,down,100,630,200
2026-03-08T07:50:07Z,down,100,664,200
2026-03-08T08:43:15Z,down,100,575,200
2026-03-08T09:04:21Z,down,100,618,200
2026-03-08T09:42:03Z,down,100,649,200
2026-03-08T09:59:58Z,down,100,741,200
2026-03-08T10:27:53Z,down,100,540,200
2026-03-08T10:51:54Z,down,100,633,200
2026-03-08T11:33:11Z,down,100,658,200
2026-03-08T11:49:35Z,down,100,608,200
2026-03-08T12:54:07Z,down,100,786,200
2026-03-08T13:35:11Z,down,100,868,200
2026-03-08T14:02:08Z,down,100,691,200
2026-03-08T14:33:26Z,down,100,507,200
2026-03-08T14:55:46Z,down,100,663,200
2026-03-08T15:15:23Z,down,100,550,200
2026-03-08T15:41:44Z,down,100,473,200
2026-03-08T15:56:53Z,down,100,179,200
2026-03-08T16:20:44Z,down,100,706,200
2026-03-08T16:50:59Z,down,100,490,200
2026-03-08T17:06:04Z,down,100,378,200
2026-03-08T17:37:14Z,down,100,494,200
2026-03-08T17:56:11Z,down,100,453,200
2026-03-08T18:21:45Z,down,100,609,200
2026-03-08T18:57:25Z,down,100,638,200
2026-03-08T19:21:39Z,down,100,615,200
2026-03-08T19:43:35Z,down,100,833,200
2026-03-08T20:17:18Z,down,100,751,200
2026-03-08T20:46:51Z,down,100,481,200
2026-03-08T21:02:20Z,down,100,482,200
2026-03-08T21:33:06Z,down,100,24742,200
2026-03-08T21:52:05Z,down,100,586,200
2026-03-08T22:33:21Z,down,100,678,200
2026-03-08T22:54:44Z,down,100,580,200
2026-03-08T23:14:41Z,down,100,729,200
2026-03-08T23:40:42Z,down,100,22494,200
2026-03-08T23:57:31Z,down,100,630,200
2026-03-09T01:24:42Z,down,100,804,200
2026-03-09T03:46:24Z,down,100,466,200
2026-03-09T05:15:05Z,down,100,692,200
2026-03-09T06:15:01Z,down,100,823,200
2026-03-09T07:20:33Z,down,100,698,200
2026-03-09T08:02:26Z,down,100,4772,200
2026-03-09T08:57:13Z,down,100,596,200
2026-03-09T09:42:53Z,down,100,678,200
2026-03-09T10:32:19Z,down,100,175,200
2026-03-09T11:13:10Z,down,100,599,200
2026-03-09T11:52:04Z,down,100,676,200
2026-03-09T12:31:10Z,down,100,783,200
2026-03-09T13:48:17Z,down,100,595,200
2026-03-09T14:40:12Z,down,100,821,200
2026-03-09T15:40:54Z,down,100,872,200
2026-03-09T16:40:29Z,down,100,600,200
2026-03-09T17:33:07Z,down,100,495,200
2026-03-09T18:11:53Z,down,100,1064,200
2026-03-09T19:11:55Z,down,100,718,200
2026-03-09T19:53:11Z,down,100,665,200
2026-03-09T20:20:42Z,down,100,199,200
2026-03-09T20:56:53Z,down,100,11475,200
2026-03-09T21:27:18Z,down,100,586,200
2026-03-09T21:56:25Z,down,100,631,200
2026-03-09T22:21:31Z,down,100,694,200
2026-03-09T22:52:50Z,down,100,706,200
2026-03-09T23:17:46Z,down,100,562,200
2026-03-09T23:48:01Z,down,100,735,200
2026-03-10T02:31:01Z,down,100,6378,200
2026-03-10T04:24:28Z,down,100,635,200
2026-03-10T05:31:56Z,down,100,884,200
2026-03-10T06:09:15Z,down,100,565,200
2026-03-10T07:09:15Z,down,100,715,200
2026-03-10T07:55:29Z,down,100,234,200
2026-03-10T08:28:38Z,down,100,1045,200
2026-03-10T09:10:25Z,down,100,156,200
2026-03-10T10:01:52Z,down,100,674,200
2026-03-10T10:49:29Z,down,100,421,200
2026-03-10T11:24:50Z,down,100,702,200
2026-03-10T11:54:34Z,down,100,484,200
2026-03-10T12:32:16Z,down,100,676,200
2026-03-10T13:47:08Z,down,100,708,200
2026-03-10T14:35:18Z,down,100,819,200
2026-03-10T15:40:48Z,down,100,512,200
2026-03-10T16:40:35Z,down,100,705,200
2026-03-10T17:31:12Z,down,100,511,200
2026-03-10T18:11:18Z,down,100,631,200
2026-03-10T19:09:49Z,down,100,418,200
2026-03-10T19:52:05Z,down,100,697,200
2026-03-10T20:20:57Z,down,100,17512,200
2026-03-10T20:55:20Z,down,100,580,200
2026-03-10T21:22:17Z,down,100,531,200
2026-03-10T21:49:00Z,down,100,1129,200
2026-03-10T22:41:20Z,down,100,575,200
2026-03-10T23:02:57Z,down,100,540,200
2026-03-10T23:38:20Z,down,100,629,200
2026-03-10T23:57:37Z,down,100,763,200
2026-03-11T01:20:21Z,down,100,596,200
2026-03-11T03:38:15Z,down,100,605,200
2026-03-11T05:04:57Z,down,100,707,200
2026-03-11T06:01:00Z,down,100,555,200
2026-03-11T07:00:21Z,down,100,597,200
2026-03-11T07:46:36Z,down,0,25003,0
2026-03-11T08:26:18Z,down,0,616,200
2026-03-11T09:07:39Z,down,100,693,200
2026-03-11T10:01:00Z,down,100,530,200
2026-03-11T10:45:12Z,down,100,533,200
2026-03-11T11:24:17Z,down,100,182,200
2026-03-11T11:54:12Z,down,100,642,200
2026-03-11T12:31:58Z,down,100,822,200
2026-03-11T13:48:49Z,down,100,786,200
2026-03-11T14:38:17Z,down,100,223,200
2026-03-11T15:31:37Z,down,100,739,200
2026-03-11T16:15:37Z,down,100,1567,200
2026-03-11T17:14:16Z,down,100,552,200
2026-03-11T18:06:16Z,down,0,25011,0
2026-03-11T19:09:40Z,down,0,25011,0
2026-03-11T19:51:36Z,down,100,650,200
2026-03-11T20:22:06Z,down,100,492,200
2026-03-11T20:56:03Z,down,100,684,200
2026-03-11T21:24:29Z,down,100,572,200
2026-03-11T21:55:09Z,down,100,804,200
2026-03-11T22:18:38Z,down,100,627,200
2026-03-11T22:47:18Z,down,100,608,200
2026-03-11T23:02:41Z,down,100,727,200
2026-03-11T23:36:25Z,down,100,701,200
2026-03-11T23:56:50Z,down,100,589,200
2026-03-12T01:09:16Z,down,100,651,200
2026-03-12T03:42:21Z,down,100,681,200
2026-03-12T05:10:01Z,down,100,625,200
2026-03-12T06:07:02Z,down,100,809,200
2026-03-12T07:12:59Z,down,100,684,200
2026-03-12T07:57:02Z,down,100,628,200
2026-03-12T08:35:55Z,down,100,573,200
2026-03-12T09:27:52Z,down,100,690,200
2026-03-12T10:08:23Z,down,0,25006,0
2026-03-12T10:59:47Z,down,100,187,200
2026-03-12T11:34:06Z,down,100,629,200
2026-03-12T11:55:39Z,down,100,863,200
2026-03-12T12:32:26Z,down,100,462,200
2026-03-12T13:46:47Z,down,100,725,200
2026-03-12T14:37:04Z,down,100,753,200
2026-03-12T15:38:53Z,down,100,581,200
2026-03-12T16:41:40Z,down,100,718,200
2026-03-12T17:34:21Z,down,100,510,200
2026-03-12T18:14:15Z,down,100,248,200
2026-03-12T19:14:43Z,down,100,432,200
2026-03-12T19:55:58Z,down,100,536,200
2026-03-12T20:24:53Z,down,0,25000,0
2026-03-12T21:00:17Z,down,100,609,200
2026-03-12T21:36:24Z,down,100,549,200
2026-03-12T22:01:27Z,down,100,614,200
2026-03-12T22:33:13Z,down,100,826,200
2026-03-12T22:58:23Z,down,100,573,200
2026-03-12T23:25:32Z,down,100,903,200
2026-03-12T23:50:08Z,down,100,652,200
2026-03-13T02:50:56Z,down,100,644,200
2026-03-13T04:29:49Z,down,100,869,200
2026-03-13T05:35:33Z,down,100,655,200
2026-03-13T06:13:53Z,down,100,491,200
2026-03-13T07:15:34Z,down,100,544,200
2026-03-13T07:59:59Z,down,100,341,200
2026-03-13T08:41:16Z,down,100,591,200
2026-03-13T09:26:24Z,down,100,739,200
2026-03-13T10:03:38Z,down,100,799,200
2026-03-13T10:53:05Z,down,100,626,200
2026-03-13T11:24:02Z,down,100,658,200
2026-03-13T11:51:57Z,down,100,592,200
2026-03-13T12:28:57Z,down,100,725,200
2026-03-13T13:41:30Z,down,100,546,200
2026-03-13T14:29:52Z,down,100,482,200
2026-03-13T15:11:52Z,down,100,653,200
2026-03-13T15:59:51Z,down,0,25000,0
2026-03-13T16:42:20Z,down,100,514,200
2026-03-13T17:24:20Z,down,100,483,200
2026-03-13T17:57:56Z,down,100,638,200
2026-03-13T18:35:48Z,down,100,609,200
2026-03-13T19:14:14Z,down,100,793,200
2026-03-13T19:49:05Z,down,100,557,200
2026-03-13T20:06:19Z,down,100,432,200
2026-03-13T20:52:54Z,down,100,721,200
2026-03-13T21:23:37Z,down,100,809,200
2026-03-13T21:54:52Z,down,100,159,200
2026-03-13T22:19:33Z,down,100,199,200
2026-03-13T22:50:31Z,down,100,644,200
2026-03-13T23:07:37Z,down,100,743,200
2026-03-13T23:41:54Z,down,100,659,200
2026-03-14T00:02:14Z,down,100,521,200
2026-03-14T02:35:11Z,down,100,607,200
2026-03-14T04:26:27Z,down,100,679,200
2026-03-14T05:31:22Z,down,100,680,200
2026-03-14T06:09:16Z,down,100,669,200
2026-03-14T07:06:45Z,down,100,674,200
2026-03-14T07:46:29Z,down,100,821,200
2026-03-14T08:04:37Z,down,100,497,200
2026-03-14T08:51:54Z,down,100,620,200
2026-03-14T09:21:54Z,down,100,483,200
2026-03-14T09:55:06Z,down,100,620,200
2026-03-14T10:18:17Z,down,100,592,200
2026-03-14T10:51:58Z,down,100,533,200
2026-03-14T11:14:28Z,down,0,25003,0
2026-03-14T11:39:36Z,down,100,787,200
2026-03-14T11:56:43Z,down,100,564,200
2026-03-14T12:32:33Z,down,100,281,200
2026-03-14T13:32:11Z,unknown,0,10644,504
2026-03-14T14:04:23Z,unknown,0,10655,504
2026-03-14T14:41:52Z,down,100,504,200
2026-03-14T15:03:45Z,down,100,564,200
2026-03-14T15:39:14Z,down,100,640,200
2026-03-14T15:57:34Z,down,100,603,200
2026-03-14T16:25:42Z,down,100,559,200
2026-03-14T16:56:27Z,down,100,535,200
2026-03-14T17:21:21Z,down,100,459,200
2026-03-14T17:49:40Z,down,100,712,200
2026-03-14T18:56:14Z,down,100,773,200
2026-03-14T19:22:43Z,down,100,458,200
2026-03-14T19:47:33Z,down,100,657,200
2026-03-14T20:38:09Z,down,100,545,200
2026-03-14T21:00:08Z,down,100,621,200
2026-03-14T21:30:32Z,down,100,619,200
2026-03-14T21:53:06Z,down,100,157,200
2026-03-14T22:40:54Z,down,100,663,200
2026-03-14T23:01:46Z,down,100,582,200
2026-03-14T23:35:48Z,down,100,534,200
2026-03-14T23:57:14Z,down,100,655,200
2026-03-15T01:30:07Z,down,100,660,200
2026-03-15T04:17:13Z,down,100,567,200
2026-03-15T05:49:21Z,down,100,561,200
2026-03-15T06:42:39Z,down,100,655,200
2026-03-15T07:35:44Z,down,100,709,200
2026-03-15T08:04:27Z,down,100,459,200
2026-03-15T08:53:38Z,down,100,650,200
2026-03-15T09:23:58Z,down,100,602,200
2026-03-15T09:56:38Z,down,100,706,200
2026-03-15T10:22:06Z,down,100,599,200
2026-03-15T10:56:02Z,down,100,716,200
2026-03-15T11:19:25Z,down,0,25000,0
2026-03-15T11:46:13Z,down,100,624,200
2026-03-15T12:59:43Z,down,100,644,200
2026-03-15T13:49:10Z,down,100,823,200
2026-03-15T14:21:04Z,unknown,0,10491,504
2026-03-15T14:54:58Z,down,100,459,200
2026-03-15T15:19:49Z,down,100,598,200
2026-03-15T15:49:46Z,down,100,834,200
2026-03-15T16:05:28Z,down,100,534,200
2026-03-15T16:47:47Z,unknown,0,10377,504
2026-03-15T17:07:17Z,down,0,25003,0
2026-03-15T17:42:59Z,down,100,518,200
2026-03-15T18:02:35Z,down,100,789,200
2026-03-15T18:52:53Z,down,100,717,200
2026-03-15T19:21:52Z,down,100,552,200
2026-03-15T19:48:56Z,down,100,671,200
2026-03-15T20:03:59Z,down,100,248,200
2026-03-15T20:42:57Z,down,100,525,200
2026-03-15T21:03:13Z,down,100,485,200
2026-03-15T21:38:23Z,down,100,793,200
2026-03-15T21:58:16Z,down,100,478,200
2026-03-15T22:25:06Z,down,100,738,200
2026-03-15T22:54:28Z,down,100,588,200
2026-03-15T23:19:44Z,down,100,733,200
2026-03-15T23:50:10Z,down,100,607,200
2026-03-16T00:06:27Z,down,100,577,200
2026-03-16T03:33:34Z,down,100,598,200
2026-03-16T05:33:06Z,down,100,608,200
2026-03-16T06:57:11Z,down,100,496,200
2026-03-16T08:06:23Z,down,100,546,200
2026-03-16T09:13:56Z,down,100,671,200
2026-03-16T10:17:42Z,down,100,256,200
2026-03-16T11:15:40Z,down,0,25003,0
2026-03-16T12:00:57Z,down,100,581,200
2026-03-16T13:20:12Z,down,100,585,200
2026-03-16T14:43:32Z,down,100,534,200
2026-03-16T15:47:48Z,down,100,858,200
2026-03-16T16:47:39Z,down,100,751,200
2026-03-16T17:49:29Z,down,100,515,200
2026-03-16T18:43:27Z,down,100,555,200
2026-03-16T19:44:22Z,down,100,680,200
2026-03-16T20:09:42Z,down,100,488,200
2026-03-16T20:58:09Z,down,100,604,200
2026-03-16T21:36:59Z,down,100,472,200
2026-03-16T22:07:45Z,down,100,636,200
2026-03-16T22:51:35Z,down,100,768,200
2026-03-16T23:20:17Z,down,100,631,200
2026-03-16T23:49:42Z,down,100,580,200
2026-03-17T00:05:14Z,down,100,680,200
2026-03-17T02:54:03Z,down,100,635,200
2026-03-17T04:47:05Z,down,100,582,200
2026-03-17T05:50:03Z,down,100,589,200
2026-03-17T06:47:57Z,down,100,538,200
2026-03-17T07:45:57Z,down,100,451,200
2026-03-17T08:35:22Z,down,100,581,200
2026-03-17T09:35:43Z,down,100,632,200
2026-03-17T10:32:22Z,unknown,0,10665,504
2026-03-17T11:27:50Z,down,100,947,200
2026-03-17T12:03:57Z,down,100,214,200
2026-03-17T13:47:57Z,down,100,691,200
2026-03-17T14:47:04Z,down,100,729,200
2026-03-17T15:48:59Z,down,100,742,200
2026-03-17T16:49:53Z,down,100,742,200
2026-03-17T17:48:26Z,down,100,660,200
2026-03-17T18:42:07Z,down,100,741,200
2026-03-17T19:43:46Z,down,100,742,200
2026-03-17T20:24:01Z,down,100,583,200
2026-03-17T21:03:44Z,down,100,661,200
2026-03-17T21:52:31Z,down,100,618,200
2026-03-17T22:22:23Z,down,100,198,200
2026-03-17T22:58:17Z,down,100,629,200
2026-03-17T23:30:22Z,down,100,782,200
2026-03-17T23:58:15Z,down,100,228,200
2026-03-18T01:49:25Z,down,100,538,200
2026-03-18T04:13:36Z,down,100,728,200
2026-03-18T05:44:38Z,down,100,626,200
2026-03-18T06:46:56Z,down,100,662,200
2026-03-18T07:44:38Z,down,100,179,200
2026-03-18T08:32:20Z,down,100,763,200
2026-03-18T09:32:28Z,down,100,890,200
2026-03-18T10:33:06Z,down,100,498,200
2026-03-18T11:30:04Z,down,100,784,200
2026-03-18T12:07:59Z,down,100,530,200
2026-03-18T13:52:47Z,down,100,815,200
2026-03-18T14:57:26Z,down,100,606,200
2026-03-18T16:05:46Z,down,100,649,200
2026-03-18T17:17:23Z,down,100,684,200
2026-03-18T18:13:56Z,down,100,501,200
2026-03-18T19:20:40Z,down,100,628,200
2026-03-18T19:58:09Z,down,100,502,200
2026-03-18T20:32:43Z,down,100,477,200
2026-03-18T21:08:49Z,down,100,565,200
2026-03-18T21:50:44Z,down,100,611,200
2026-03-18T22:20:55Z,down,100,593,200
2026-03-18T22:53:25Z,down,100,727,200
2026-03-18T23:21:21Z,down,100,527,200
2026-03-18T23:49:21Z,down,100,712,200
2026-03-19T00:05:13Z,down,100,577,200
2026-03-19T03:19:16Z,down,100,598,200
2026-03-19T05:08:03Z,down,100,177,200
2026-03-19T06:11:18Z,down,100,504,200
2026-03-19T07:16:08Z,down,100,648,200
2026-03-19T07:59:25Z,down,100,840,200
2026-03-19T08:42:28Z,down,100,450,200
2026-03-19T09:30:43Z,down,100,655,200
2026-03-19T10:10:29Z,down,100,584,200
2026-03-19T11:03:05Z,down,100,433,200
2026-03-19T11:45:09Z,down,100,308,200
2026-03-19T12:06:43Z,down,100,704,200
2026-03-19T13:42:25Z,down,100,859,200
2026-03-19T14:35:41Z,down,100,602,200
2026-03-19T15:31:18Z,down,100,665,200
2026-03-19T16:34:08Z,down,100,481,200
2026-03-19T17:37:30Z,down,100,503,200
2026-03-19T18:33:04Z,down,100,429,200
2026-03-19T19:32:25Z,down,100,594,200
2026-03-19T20:04:52Z,down,100,617,200
2026-03-19T20:54:30Z,down,100,477,200
2026-03-19T21:26:04Z,down,100,538,200
2026-03-19T21:55:05Z,down,100,503,200
2026-03-19T22:17:59Z,down,100,513,200
2026-03-19T22:52:57Z,down,100,581,200
2026-03-19T23:19:41Z,down,100,799,200
2026-03-19T23:50:08Z,down,100,753,200
2026-03-20T00:05:39Z,down,100,545,200
2026-03-20T02:53:22Z,down,100,483,200
2026-03-20T04:31:50Z,down,100,654,200
2026-03-20T05:38:44Z,down,100,567,200
2026-03-20T06:35:23Z,down,100,467,200
2026-03-20T07:34:18Z,down,100,654,200
2026-03-20T08:06:37Z,down,100,457,200
2026-03-20T08:59:06Z,down,100,438,200
2026-03-20T09:41:06Z,down,100,561,200
2026-03-20T10:23:55Z,down,100,423,200
2026-03-20T11:03:13Z,down,100,716,200
2026-03-20T11:41:36Z,down,100,526,200
2026-03-20T12:02:19Z,down,100,190,200
2026-03-20T13:14:58Z,down,100,700,200
2026-03-20T14:10:05Z,down,100,807,200
2026-03-20T15:02:30Z,down,100,483,200
2026-03-20T15:54:02Z,down,100,627,200
2026-03-20T16:30:01Z,down,100,867,200
2026-03-20T17:12:01Z,down,100,187,200
2026-03-20T17:55:58Z,unknown,0,10141,504
2026-03-20T18:34:24Z,unknown,0,431,503
2026-03-20T19:25:37Z,down,100,598,200
2026-03-20T19:55:28Z,down,100,324,200
2026-03-20T20:21:13Z,down,100,649,200
2026-03-20T20:55:45Z,down,100,560,200
2026-03-20T21:22:20Z,down,100,443,200
2026-03-20T21:51:53Z,down,100,211,200
2026-03-20T22:43:18Z,down,100,542,200
2026-03-20T23:04:33Z,down,100,424,200
2026-03-20T23:41:25Z,down,100,578,200
2026-03-21T00:00:19Z,down,100,605,200
2026-03-21T02:03:01Z,down,100,611,200
2026-03-21T04:13:06Z,down,100,226,200
2026-03-21T05:15:25Z,down,100,474,200
2026-03-21T05:58:09Z,down,100,592,200
2026-03-21T06:38:24Z,down,100,532,200
2026-03-21T07:23:42Z,down,100,582,200
2026-03-21T07:52:21Z,down,100,576,200
2026-03-21T08:50:17Z,down,100,608,200
2026-03-21T09:19:45Z,down,100,701,200
2026-03-21T09:51:36Z,down,100,531,200
2026-03-21T10:42:03Z,down,100,689,200
2026-03-21T11:01:33Z,down,100,688,200
2026-03-21T11:29:45Z,down,100,677,200
2026-03-21T11:48:43Z,down,100,775,200
2026-03-21T13:00:11Z,down,100,1609,200
2026-03-21T13:45:12Z,down,100,222,200
2026-03-21T14:06:37Z,down,100,611,200
2026-03-21T14:41:53Z,down,100,786,200
2026-03-21T15:01:12Z,down,100,444,200
2026-03-21T15:32:00Z,down,100,533,200
2026-03-21T15:52:31Z,down,100,712,200
2026-03-21T16:44:39Z,down,100,526,200
2026-03-21T17:04:10Z,down,100,690,200
2026-03-21T17:37:28Z,down,100,637,200
2026-03-21T17:57:17Z,down,100,674,200
2026-03-21T18:27:45Z,down,100,531,200
2026-03-21T19:02:31Z,down,100,725,200
2026-03-21T19:33:49Z,down,100,518,200
2026-03-21T19:51:03Z,down,100,518,200
2026-03-21T20:36:19Z,down,100,615,200
2026-03-21T20:57:42Z,down,0,415,200
2026-03-21T21:21:45Z,down,100,554,200
2026-03-21T21:46:07Z,down,100,651,200
2026-03-21T22:30:19Z,down,100,685,200
2026-03-21T22:54:13Z,down,100,559,200
2026-03-21T23:15:54Z,down,100,166,200
2026-03-21T23:43:50Z,down,100,577,200
2026-03-22T00:00:00Z,down,100,532,200
2026-03-22T02:11:39Z,down,100,495,200
2026-03-22T04:31:12Z,down,100,694,200
2026-03-22T05:40:49Z,down,100,516,200
2026-03-22T06:32:51Z,down,100,193,200
2026-03-22T07:26:58Z,down,100,849,200
2026-03-22T07:57:27Z,down,100,486,200
2026-03-22T08:28:58Z,down,100,542,200
2026-03-22T09:01:20Z,down,100,546,200
2026-03-22T09:39:28Z,down,100,538,200
2026-03-22T10:01:28Z,down,100,470,200
2026-03-22T10:34:52Z,down,100,457,200
2026-03-22T10:59:11Z,down,100,554,200
2026-03-22T11:24:29Z,down,100,579,200
2026-03-22T11:45:32Z,down,100,623,200
2026-03-22T12:51:51Z,down,100,701,200
2026-03-22T13:37:54Z,down,100,548,200
2026-03-22T14:05:44Z,down,100,531,200
2026-03-22T14:42:19Z,down,100,697,200
2026-03-22T15:02:30Z,down,100,626,200
2026-03-22T15:35:44Z,down,100,227,200
2026-03-22T15:55:31Z,down,100,625,200
2026-03-22T16:17:44Z,down,100,587,200
2026-03-22T16:52:11Z,down,100,535,200
2026-03-22T17:16:27Z,down,100,567,200
2026-03-22T17:46:18Z,down,100,478,200
2026-03-22T18:02:25Z,down,100,163,200
2026-03-22T18:49:50Z,down,100,685,200
2026-03-22T19:18:17Z,down,100,431,200
2026-03-22T19:44:28Z,down,100,602,200
2026-03-22T20:24:26Z,down,100,475,200
2026-03-22T20:51:02Z,down,100,404,200
2026-03-22T21:16:14Z,down,100,394,200
2026-03-22T21:45:05Z,down,100,566,200
2026-03-22T22:01:07Z,down,100,647,200
2026-03-22T22:31:48Z,down,100,609,200
2026-03-22T22:56:59Z,down,100,156,200
2026-03-22T23:22:02Z,down,100,510,200
2026-03-22T23:50:08Z,down,100,587,200
2026-03-23T00:06:08Z,down,100,414,200
2026-03-23T03:22:15Z,down,100,419,200
2026-03-23T05:20:05Z,down,100,447,200
2026-03-23T06:21:18Z,down,100,612,200
2026-03-23T07:44:57Z,down,100,419,200
2026-03-23T08:38:33Z,down,100,540,200
2026-03-23T09:45:27Z,down,100,197,200
2026-03-23T10:40:03Z,down,100,633,200
2026-03-23T11:31:05Z,down,100,680,200
2026-03-23T12:06:53Z,down,100,793,200
2026-03-23T13:46:18Z,down,100,709,200
2026-03-23T14:46:01Z,down,100,548,200
2026-03-23T15:46:07Z,down,100,575,200
2026-03-23T16:39:45Z,down,100,526,200
2026-03-23T17:34:32Z,down,100,524,200
2026-03-23T18:30:41Z,down,100,702,200
2026-03-23T19:30:29Z,down,100,603,200
2026-03-23T20:05:26Z,down,100,599,200
2026-03-23T20:52:48Z,down,100,461,200
2026-03-23T21:26:13Z,unknown,0,10107,504
2026-03-23T21:56:46Z,unknown,0,10410,504
2026-03-23T22:25:05Z,down,100,553,200
2026-03-23T22:59:08Z,down,100,671,200
2026-03-23T23:32:09Z,down,100,607,200
2026-03-24T00:00:00Z,down,100,540,200
2026-03-24T02:05:29Z,down,100,472,200
2026-03-24T04:28:58Z,down,100,520,200
2026-03-24T05:45:05Z,down,100,681,200
2026-03-24T06:47:10Z,down,100,583,200
2026-03-24T07:45:15Z,down,100,620,200
2026-03-24T08:34:06Z,down,100,511,200
2026-03-24T09:34:22Z,down,100,447,200
2026-03-24T10:31:36Z,down,100,516,200
2026-03-24T11:27:58Z,down,100,618,200
2026-03-24T12:05:02Z,down,100,658,200
2026-03-24T13:47:50Z,down,100,438,200
2026-03-24T14:47:51Z,down,100,633,200
2026-03-24T15:50:59Z,down,100,690,200
2026-03-24T16:47:28Z,down,100,434,200
2026-03-24T17:43:48Z,down,100,806,200
2026-03-24T18:41:50Z,down,100,610,200
2026-03-24T19:42:16Z,down,100,701,200
2026-03-24T20:10:15Z,down,100,638,200
2026-03-24T20:58:52Z,down,100,224,200
2026-03-24T21:37:28Z,down,100,583,200
2026-03-24T22:06:43Z,down,100,592,200
2026-03-24T22:48:14Z,down,100,690,200
2026-03-24T23:19:37Z,down,100,800,200
2026-03-24T23:51:59Z,down,100,1625,200
2026-03-25T01:01:21Z,down,100,693,200
2026-03-25T03:42:01Z,down,100,521,200
2026-03-25T05:17:11Z,down,100,327,200
2026-03-25T06:18:03Z,down,100,633,200
2026-03-25T07:22:48Z,down,100,806,200
2026-03-25T08:07:08Z,down,100,500,200
2026-03-25T09:07:29Z,down,100,608,200
2026-03-25T10:07:28Z,down,100,666,200
2026-03-25T11:04:42Z,down,100,587,200
2026-03-25T11:53:25Z,down,100,208,200
2026-03-25T12:37:25Z,down,100,630,200
2026-03-25T14:03:04Z,down,100,605,200
2026-03-25T15:12:20Z,down,100,477,200
2026-03-25T16:24:26Z,down,100,492,200
2026-03-25T17:34:44Z,down,100,605,200
2026-03-25T18:33:59Z,down,100,604,200
2026-03-25T19:30:30Z,down,100,494,200
2026-03-25T20:04:24Z,down,100,561,200
2026-03-25T20:54:55Z,down,100,480,200
2026-03-25T21:27:47Z,down,100,618,200
2026-03-25T22:03:12Z,down,100,627,200
2026-03-25T22:50:18Z,down,100,481,200
2026-03-25T23:23:48Z,down,100,467,200
2026-03-25T23:57:11Z,down,100,236,200
2026-03-26T01:28:09Z,down,100,609,200
2026-03-26T04:13:47Z,down,100,718,200
2026-03-26T05:53:00Z,down,100,498,200
2026-03-26T06:54:46Z,down,100,587,200
2026-03-26T07:54:35Z,down,100,501,200
2026-03-26T08:40:53Z,down,100,675,200
2026-03-26T09:45:12Z,down,100,407,200
2026-03-26T10:39:10Z,down,100,771,200
2026-03-26T11:35:21Z,down,100,615,200
2026-03-26T12:13:15Z,down,100,627,200
2026-03-26T14:01:21Z,down,100,637,200
2026-03-26T15:10:23Z,down,100,556,200
2026-03-26T16:23:12Z,down,100,663,200
2026-03-26T17:35:27Z,down,100,861,200
2026-03-26T18:39:45Z,down,100,691,200
2026-03-26T19:43:11Z,down,100,464,200
2026-03-26T20:08:07Z,down,100,412,200
2026-03-26T20:52:05Z,down,100,417,200
2026-03-26T21:22:29Z,down,100,528,200
2026-03-26T21:52:27Z,down,100,216,200
2026-03-26T22:48:07Z,down,100,601,200
2026-03-26T23:06:48Z,down,100,622,200
2026-03-26T23:46:45Z,down,100,436,200
2026-03-27T00:06:37Z,down,100,1783,200
2026-03-27T03:29:33Z,down,100,513,200
2026-03-27T05:24:45Z,down,100,454,200
2026-03-27T06:45:03Z,down,100,708,200
2026-03-27T07:49:05Z,down,100,566,200
2026-03-27T08:36:42Z,down,100,616,200
2026-03-27T09:35:35Z,down,100,576,200
2026-03-27T10:29:31Z,down,100,586,200
2026-03-27T11:15:39Z,down,100,671,200
2026-03-27T11:59:26Z,down,100,594,200
2026-03-27T13:04:46Z,down,100,577,200
2026-03-27T14:18:44Z,down,100,419,200
2026-03-27T15:13:30Z,down,100,571,200
2026-03-27T16:08:44Z,down,100,585,200
2026-03-27T17:10:28Z,down,100,552,200
2026-03-27T18:04:02Z,down,100,433,200
2026-03-27T19:10:26Z,down,100,687,200
2026-03-27T19:51:39Z,down,100,657,200
2026-03-27T20:24:33Z,down,100,470,200
2026-03-27T21:03:30Z,down,100,578,200
2026-03-27T21:50:00Z,down,100,597,200
2026-03-27T22:07:25Z,down,100,570,200
2026-03-27T22:52:11Z,down,100,471,200
2026-03-27T23:22:43Z,down,100,600,200
2026-03-27T23:52:09Z,down,100,540,200
2026-03-28T01:00:12Z,down,100,638,200
2026-03-28T03:39:06Z,down,100,500,200
2026-03-28T05:15:07Z,down,100,687,200
2026-03-28T06:14:46Z,down,100,666,200
2026-03-28T07:17:06Z,down,100,567,200
2026-03-28T07:57:40Z,down,100,541,200
2026-03-28T08:33:34Z,down,100,162,200
2026-03-28T09:09:57Z,down,100,497,200
2026-03-28T09:54:36Z,down,100,494,200
2026-03-28T10:21:20Z,down,0,449,200
2026-03-28T10:56:57Z,down,100,167,200
2026-03-28T11:23:29Z,down,100,570,200
2026-03-28T11:50:21Z,down,100,206,200
2026-03-28T13:18:40Z,down,100,576,200
2026-03-28T14:01:44Z,down,100,595,200
2026-03-28T14:38:58Z,down,100,555,200
